ft,st,ftfps,ftfpr,ftsps,ftspr,fttps,fttpr,stfps,stfpr,stsps,stspr,sttps,sttpr,data
Ак Барс,Металлург Мг,2,15,14,4,11,9,16,1,6,12,10,9,18.02.2019
Динамо Мск,Трактор,5,4,19,3,12,5,4,5,3,19,6,12,18.02.2019
Йокерит,Спартак,5,6,13,5,8,10,7,3,7,12,11,6,18.02.2019
СКА,Локомотив,7,7,8,12,8,6,7,6,12,6,6,7,18.02.2019
ЦСКА,Витязь,15,1,12,5,14,4,1,12,5,11,5,12,18.02.2019
Автомобилист,Нефтехимик,10,8,12,11,11,6,9,7,13,11,6,10,18.02.2019
Адмирал,Барыс,7,3,15,10,8,15,3,6,10,15,16,7,18.02.2019
Амур,Куньлунь РС,5,9,30,5,15,7,10,4,5,26,8,13,18.02.2019
Динамо Мн,ХК Сочи,13,8,11,1,11,9,8,13,3,11,10,10,17.02.2019
Нефтехимик,Металлург Мг,13,10,11,11,11,5,11,13,13,11,6,11,16.02.2019
Северсталь,Трактор,10,8,4,9,9,2,9,8,9,2,3,9,16.02.2019
Торпедо,Сибирь,11,9,10,3,2,12,10,10,4,7,13,1,16.02.2019
Барыс,Авангард,12,11,7,19,12,13,11,11,19,7,14,12,16.02.2019
Адмирал,Салават Юлаев,12,10,22,12,8,9,12,12,12,21,9,7,16.02.2019
Амур,Куньлунь РС,9,6,16,4,5,10,6,8,4,15,12,5,16.02.2019
Динамо Р,Динамо Мн,10,12,16,9,11,13,12,9,10,15,13,10,15.02.2019
Динамо Мск,ХК Сочи,11,5,11,12,11,7,6,11,12,9,8,11,15.02.2019
СКА,Йокерит,14,6,8,11,8,14,7,12,11,8,15,5,15.02.2019
ЦСКА,Слован,7,3,11,7,8,4,3,6,7,8,5,8,15.02.2019
Локомотив,Витязь,17,5,15,4,10,11,5,17,6,12,12,9,15.02.2019
Автомобилист,Ак Барс,10,7,10,11,10,6,8,10,13,10,6,10,15.02.2019
Нефтехимик,Сибирь,18,6,7,9,5,7,7,14,11,7,8,5,14.02.2019
Барыс,Куньлунь РС,18,5,9,6,12,14,5,17,6,8,15,11,14.02.2019
Адмирал,Салават Юлаев,11,3,11,9,13,10,3,8,9,11,10,13,14.02.2019
Амур,Авангард,11,9,10,7,8,8,9,10,8,8,9,8,14.02.2019
Слован,Динамо Мн,8,8,12,14,10,6,10,7,14,11,6,9,13.02.2019
Ак Барс,ЦСКА,5,4,5,4,12,6,7,4,4,5,6,11,13.02.2019
Динамо Мск,Йокерит,7,14,8,9,11,6,14,7,10,5,8,9,13.02.2019
Спартак,СКА,6,7,8,5,4,7,7,6,6,8,8,4,13.02.2019
Локомотив,Торпедо,9,9,9,9,15,8,9,9,10,8,9,14,13.02.2019
Металлург Мг,Витязь,13,6,14,8,12,9,6,13,9,12,9,10,13.02.2019
Трактор,Северсталь,14,10,13,8,7,11,10,13,9,13,11,7,13.02.2019
Барыс,Сибирь,16,9,15,7,15,3,9,16,8,13,4,12,12.02.2019
Адмирал,Авангард,10,3,12,13,9,6,4,10,14,12,6,9,12.02.2019
Амур,Салават Юлаев,11,3,6,6,6,10,3,10,6,5,12,5,12.02.2019
Динамо Р,Йокерит,8,6,1,11,4,15,6,7,12,0,15,3,11.02.2019
Слован,ЦСКА,6,7,11,11,3,13,7,6,12,10,16,3,11.02.2019
Динамо Мн,Локомотив,5,9,2,8,7,13,9,5,11,2,13,7,11.02.2019
СКА,Северсталь,12,8,7,10,14,9,9,9,10,6,9,14,11.02.2019
ХК Сочи,Витязь,6,12,8,14,8,7,12,6,16,7,7,7,11.02.2019
Спартак,Динамо Мск,5,7,8,12,15,4,8,5,15,7,5,15,11.02.2019
Автомобилист,Торпедо,13,7,17,4,9,16,8,12,7,13,17,8,11.02.2019
Трактор,Нефтехимик,11,6,8,7,18,5,7,10,9,8,5,18,11.02.2019
Адмирал,Куньлунь РС,13,10,8,13,6,8,10,12,15,8,8,4,06.02.2019
Спартак,ХК Сочи,5,7,15,5,5,9,8,3,5,15,9,4,05.02.2019
Ак Барс,Торпедо,14,4,10,11,16,8,4,13,11,9,9,13,05.02.2019
Слован,Динамо Р,13,10,9,5,7,3,10,12,6,8,3,7,04.02.2019
Авангард,СКА,6,2,11,10,7,10,2,5,10,10,10,7,04.02.2019
Витязь,Адмирал,11,9,7,7,10,5,10,11,10,7,5,10,04.02.2019
Динамо Мн,ЦСКА,4,9,7,9,5,7,9,4,11,7,8,5,04.02.2019
Северсталь,Амур,12,5,7,14,11,7,5,12,14,6,7,7,04.02.2019
Автомобилист,Металлург Мг,8,11,4,13,19,3,12,7,14,4,4,18,04.02.2019
Салават Юлаев,Барыс,6,15,14,11,17,9,16,5,12,13,9,17,04.02.2019
Трактор,Йокерит,9,14,7,13,1,19,14,9,13,7,20,1,04.02.2019
Сибирь,Куньлунь РС,8,7,19,9,8,8,7,7,10,19,9,6,04.02.2019
ХК Сочи,Локомотив,6,10,9,5,13,7,10,6,7,9,9,10,03.02.2019
Торпедо,Нефтехимик,14,7,5,16,15,9,7,14,17,4,10,14,03.02.2019
Спартак,Ак Барс,10,8,7,6,14,9,9,10,7,7,12,11,02.02.2019
Динамо Мн,Динамо Р,10,2,7,6,9,12,2,10,7,6,12,7,02.02.2019
Динамо Мск,Адмирал,15,6,10,9,15,6,6,15,11,10,7,15,02.02.2019
Северсталь,ЦСКА,6,12,3,4,3,7,13,6,6,3,8,3,02.02.2019
Автомобилист,Витязь,9,4,5,10,16,5,4,8,11,5,5,16,02.02.2019
Трактор,Металлург Мг,14,12,7,9,3,17,12,12,10,6,17,3,02.02.2019
Салават Юлаев,Амур,7,3,12,10,15,6,4,6,10,12,6,13,02.02.2019
Барыс,Йокерит,15,3,8,8,10,7,4,14,9,6,7,5,02.02.2019
Сибирь,СКА,14,5,10,10,4,21,5,13,10,10,21,4,02.02.2019
Торпедо,Локомотив,6,9,6,10,9,11,10,6,11,5,11,8,01.02.2019
Динамо Р,Спартак,8,7,4,10,9,4,7,7,11,4,4,9,31.01.2019
Слован,ХК Сочи,15,9,7,9,7,9,10,14,9,6,10,7,31.01.2019
Динамо Мн,Адмирал,10,7,12,5,19,6,8,10,6,11,6,18,31.01.2019
Динамо Мск,Металлург Мг,9,9,10,9,7,5,9,8,9,9,7,5,31.01.2019
ЦСКА,Ак Барс,14,7,14,7,12,6,8,14,8,12,8,9,31.01.2019
Барыс,СКА,9,10,15,4,10,3,12,8,5,14,3,10,31.01.2019
Сибирь,Йокерит,13,9,8,15,5,11,10,13,15,7,13,3,31.01.2019
Амур,Куньлунь РС,12,7,7,7,7,12,9,10,7,7,12,7,31.01.2019
Северсталь,Локомотив,11,4,12,7,6,5,6,10,8,11,6,6,30.01.2019
Трактор,Витязь,10,10,10,18,12,9,11,8,20,10,9,12,30.01.2019
Ак Барс,Автомобилист,9,10,8,3,6,11,11,8,3,8,11,6,29.01.2019
Нефтехимик,ХК Сочи,18,7,7,13,8,8,7,18,14,7,8,8,29.01.2019
Металлург Мг,СКА,9,5,9,4,6,3,5,9,4,8,6,6,29.01.2019
Салават Юлаев,Йокерит,14,5,7,10,16,5,6,14,11,6,7,16,29.01.2019
Сибирь,Барыс,12,14,16,13,8,12,14,12,13,15,13,8,29.01.2019
Динамо Мск,Динамо Р,9,9,9,11,21,8,10,9,12,8,8,19,28.01.2019
ЦСКА,Динамо Мн,14,3,13,2,11,2,3,14,4,13,2,9,28.01.2019
Северсталь,Витязь,11,5,4,8,19,5,5,11,9,4,5,18,28.01.2019
Куньлунь РС,Авангард,10,4,8,8,4,11,4,8,8,7,13,2,28.01.2019
Адмирал,Амур,10,10,9,13,8,16,13,10,15,9,18,8,28.01.2019
Локомотив,ХК Сочи,3,19,12,10,14,9,19,3,10,12,9,13,27.01.2019
Нефтехимик,Торпедо,15,8,27,3,13,5,8,14,4,27,5,11,27.01.2019
Металлург Мг,Автомобилист,14,17,12,8,5,14,19,13,8,10,15,2,27.01.2019
Слован,Динамо Мн,10,6,13,8,14,4,7,9,10,12,5,14,26.01.2019
Ак Барс,Трактор,10,9,10,5,6,4,10,10,5,10,5,5,26.01.2019
СКА,Динамо Р,11,9,13,7,13,8,10,9,7,9,8,12,26.01.2019
ЦСКА,Барыс,10,6,12,4,15,1,8,10,6,11,2,14,26.01.2019
Адмирал,Сибирь,10,9,9,11,16,3,11,9,13,8,4,15,26.01.2019
Амур,Салават Юлаев,17,6,10,4,6,12,6,17,4,9,12,4,26.01.2019
Куньлунь РС,Авангард,4,13,10,9,7,7,14,4,11,9,10,5,26.01.2019
Витязь,Северсталь,8,13,11,10,15,11,14,8,12,10,11,11,25.01.2019
Динамо Мск,Спартак,5,10,12,3,13,5,10,5,3,11,6,11,25.01.2019
Йокерит,Торпедо,11,7,15,3,13,6,8,9,3,15,7,11,25.01.2019
Нефтехимик,Автомобилист,11,6,7,13,5,9,7,11,14,7,10,5,25.01.2019
Динамо Р,Динамо Мн,7,8,15,2,8,10,9,7,2,14,11,7,24.01.2019
Локомотив,Слован,15,7,7,12,11,7,7,14,12,4,7,8,24.01.2019
СКА,Барыс,14,8,6,12,7,5,8,13,13,6,6,6,24.01.2019
Металлург Мг,Трактор,5,6,14,7,6,4,6,4,7,13,4,6,24.01.2019
Куньлунь РС,Салават Юлаев,18,9,8,6,12,3,10,18,6,7,4,12,24.01.2019
Адмирал,Сибирь,17,11,14,8,13,13,12,15,8,12,14,13,24.01.2019
Амур,Авангард,16,11,5,9,9,4,13,16,10,5,4,9,24.01.2019
Витязь,Торпедо,13,8,16,21,11,8,9,13,23,16,11,11,23.01.2019
Йокерит,Ак Барс,8,7,12,4,17,3,9,7,5,12,3,16,23.01.2019
ХК Сочи,Нефтехимик,8,5,10,14,13,6,5,8,14,10,7,13,23.01.2019
Спартак,Северсталь,10,5,8,5,12,8,8,8,5,6,8,12,23.01.2019
Динамо Р,Слован,7,9,9,11,9,5,9,6,13,8,5,8,22.01.2019
Локомотив,ЦСКА,6,10,12,6,1,8,10,5,7,11,8,1,22.01.2019
СКА,Динамо Мн,12,7,12,6,7,6,7,9,6,10,7,7,22.01.2019
Автомобилист,Трактор,6,4,11,9,9,9,4,5,9,9,9,9,22.01.2019
Металлург Мг,Барыс,4,7,10,6,9,4,7,4,8,10,5,8,22.01.2019
Куньлунь РС,Салават Юлаев,7,12,15,5,14,8,13,7,5,13,9,14,22.01.2019
Адмирал,Авангард,7,9,9,11,5,15,9,5,12,8,15,4,22.01.2019
Амур,Сибирь,8,10,13,4,13,3,12,7,5,12,4,13,22.01.2019
Динамо Мск,Северсталь,2,10,16,7,9,7,10,2,8,15,7,9,21.01.2019
Йокерит,Нефтехимик,14,4,6,12,16,5,6,14,12,6,5,15,21.01.2019
Спартак,Торпедо,8,8,14,13,8,8,8,6,14,13,8,5,21.01.2019
Динамо Р,Металлург Мг,12,5,7,5,9,5,5,12,5,7,7,9,17.01.2019
Авангард,ХК Сочи,10,8,15,14,10,5,9,10,15,14,7,9,17.01.2019
СКА,Динамо Мск,9,6,11,8,8,5,6,8,9,10,5,7,17.01.2019
ЦСКА,Автомобилист,9,5,14,2,8,6,5,8,2,14,6,6,17.01.2019
Нефтехимик,Витязь,7,4,8,12,9,14,4,7,12,7,16,9,17.01.2019
Трактор,Торпедо,9,2,14,7,12,10,3,9,8,12,10,11,17.01.2019
Барыс,Салават Юлаев,12,7,16,10,10,8,7,12,10,16,8,10,17.01.2019
Сибирь,Спартак,5,8,10,12,13,9,8,4,14,9,10,12,17.01.2019
Куньлунь РС,Локомотив,16,8,8,9,11,4,11,16,10,8,5,10,17.01.2019
Амур,Йокерит,6,12,8,15,11,21,12,5,16,7,24,9,17.01.2019
Адмирал,Северсталь,10,1,9,6,9,4,2,9,8,9,5,8,17.01.2019
Динамо Р,Автомобилист,5,14,17,8,8,5,14,5,8,17,6,7,15.01.2019
Слован,Трактор,10,12,17,5,14,7,12,10,6,17,8,14,15.01.2019
Авангард,Салават Юлаев,6,4,17,5,5,9,5,6,6,14,11,4,15.01.2019
Динамо Мн,Витязь,8,7,12,6,3,10,8,8,7,10,10,3,15.01.2019
СКА,Нефтехимик,14,3,9,9,5,7,4,12,10,9,7,5,15.01.2019
ЦСКА,Металлург Мг,6,6,11,6,6,15,6,6,6,10,15,4,15.01.2019
Барыс,Спартак,12,6,19,5,18,5,8,9,8,18,5,18,15.01.2019
Сибирь,ХК Сочи,8,8,7,15,7,11,11,5,16,6,11,6,15.01.2019
Куньлунь РС,Северсталь,10,6,16,9,13,4,7,10,11,15,5,13,15.01.2019
Амур,Локомотив,6,10,12,9,8,11,11,6,10,12,11,8,15.01.2019
Адмирал,Йокерит,5,16,7,11,6,8,17,5,11,6,8,3,15.01.2019
Слован,Автомобилист,12,4,5,13,11,10,7,11,14,4,12,10,13.01.2019
Динамо Р,Трактор,12,3,4,12,9,5,3,11,13,4,5,9,13.01.2019
Авангард,Спартак,6,19,11,7,5,12,20,6,7,9,12,4,13.01.2019
СКА,Витязь,16,2,9,3,7,4,3,14,3,9,4,6,13.01.2019
Торпедо,Динамо Мск,8,14,12,9,9,6,14,8,11,12,7,8,13.01.2019
ЦСКА,Динамо Мн,15,2,18,5,7,7,2,14,5,16,7,7,13.01.2019
Металлург Мг,Нефтехимик,15,6,13,4,12,5,8,13,4,11,5,11,13.01.2019
Барыс,ХК Сочи,9,6,15,10,13,10,7,9,10,14,11,12,13.01.2019
Сибирь,Салават Юлаев,11,5,11,4,10,6,6,10,4,11,7,7,13.01.2019
Адмирал,Локомотив,4,10,8,8,8,6,11,4,10,7,7,7,13.01.2019
Амур,Северсталь,14,5,7,10,8,7,6,13,11,7,7,7,13.01.2019
Куньлунь РС,Йокерит,14,8,10,7,9,6,10,13,9,10,7,7,13.01.2019
Слован,Витязь,12,3,12,11,11,6,6,12,11,11,6,11,11.01.2019
Ак Барс,Динамо Мск,9,10,14,6,8,2,12,9,7,14,2,6,11.01.2019
ЦСКА,Трактор,14,5,12,10,11,4,5,12,10,10,4,9,11.01.2019
Торпедо,Автомобилист,19,9,11,8,19,9,10,19,8,11,10,16,11.01.2019
Металлург Мг,Динамо Мн,7,12,13,6,12,7,13,6,8,12,7,10,11.01.2019
Салават Юлаев,ХК Сочи,11,3,11,8,5,15,3,9,9,10,18,4,11.01.2019
Сибирь,Северсталь,5,13,15,10,12,7,15,4,12,14,8,10,11.01.2019
Локомотив,СКА,15,8,10,9,6,11,8,15,13,10,11,6,10.01.2019
Салават Юлаев,Динамо Р,9,9,12,3,8,4,11,7,3,12,4,8,10.01.2019
Барыс,Куньлунь РС,12,14,15,9,6,5,16,11,9,15,6,6,10.01.2019
Адмирал,Амур,12,10,11,14,7,14,10,11,15,10,14,6,10.01.2019
Авангард,Витязь,13,5,10,9,10,2,5,12,11,10,2,9,09.01.2019
Спартак,Нефтехимик,11,9,9,8,9,4,9,10,9,9,5,8,09.01.2019
Трактор,Ак Барс,5,8,9,9,9,13,8,5,9,9,13,8,09.01.2019
Динамо Мн,Слован,11,3,7,17,4,10,4,9,18,5,11,3,08.01.2019
Йокерит,Динамо Мск,8,6,8,5,11,11,8,7,5,8,12,10,08.01.2019
Локомотив,ЦСКА,6,11,7,6,4,15,11,6,6,6,15,4,08.01.2019
Северсталь,Динамо Р,12,9,10,2,17,1,11,11,2,10,1,16,08.01.2019
Барыс,Амур,11,7,21,7,15,8,8,10,7,20,9,13,08.01.2019
Автомобилист,СКА,7,12,6,6,10,8,14,7,7,6,11,10,08.01.2019
Салават Юлаев,Куньлунь РС,13,14,17,7,7,5,16,12,8,13,6,5,08.01.2019
Витязь,Ак Барс,10,7,4,19,6,10,8,9,19,3,10,6,07.01.2019
Спартак,Авангард,7,9,9,13,13,3,11,7,14,9,4,13,07.01.2019
Нефтехимик,Торпедо,11,5,15,15,10,3,5,11,17,14,4,8,07.01.2019
ХК Сочи,Сибирь,13,8,15,7,14,10,9,13,7,13,12,11,07.01.2019
Металлург Мг,Адмирал,7,9,15,7,14,10,10,6,7,14,10,13,07.01.2019
Йокерит,СКА,8,7,6,11,13,6,10,7,12,6,6,13,06.01.2019
Динамо Мн,ЦСКА,2,17,3,9,13,1,18,2,10,3,1,12,06.01.2019
Динамо Мск,Динамо Р,5,8,11,8,7,9,8,5,8,10,10,7,06.01.2019
Локомотив,Слован,6,9,18,10,14,5,9,6,10,18,5,13,06.01.2019
Трактор,Автомобилист,13,10,11,9,12,8,10,13,10,11,9,12,06.01.2019
Салават Юлаев,Амур,9,6,12,13,4,14,6,7,13,9,15,3,06.01.2019
Нефтехимик,Авангард,2,15,6,10,13,8,16,1,10,6,9,13,05.01.2019
Спартак,Сибирь,8,12,19,8,7,15,12,8,8,14,15,5,05.01.2019
ХК Сочи,Барыс,10,12,11,5,11,4,13,10,6,11,5,11,05.01.2019
Металлург Мг,Торпедо,13,13,15,6,11,8,14,11,7,12,9,9,05.01.2019
Куньлунь РС,Адмирал,11,8,10,10,11,7,8,9,13,9,7,10,05.01.2019
Динамо Мн,СКА,4,10,4,7,4,6,10,4,7,4,8,4,04.01.2019
Ак Барс,Салават Юлаев,4,14,18,6,5,12,14,2,6,17,13,5,04.01.2019
Витязь,ЦСКА,7,8,7,12,8,15,8,7,12,7,16,7,04.01.2019
Динамо Мск,Автомобилист,8,12,13,10,10,8,12,8,10,11,8,10,04.01.2019
Локомотив,Динамо Р,10,6,11,7,13,8,6,10,7,11,9,11,04.01.2019
Северсталь,Слован,14,12,11,9,9,12,12,14,9,10,12,8,04.01.2019
Трактор,Амур,11,13,7,9,8,10,13,11,9,5,10,7,04.01.2019
Йокерит,Сибирь,14,7,13,7,14,5,7,13,8,11,5,13,03.01.2019
Ак Барс,Авангард,10,11,11,8,15,9,12,8,9,10,10,15,03.01.2019
Спартак,Барыс,18,9,9,9,7,10,9,17,10,8,12,7,03.01.2019
Куньлунь РС,Адмирал,13,4,11,4,10,8,4,12,7,10,8,10,03.01.2019
Слован,Йокерит,6,9,15,10,13,5,10,6,11,15,6,12,30.12.2018
Динамо Р,Динамо Мск,8,11,14,9,8,7,13,6,9,12,9,7,30.12.2018
Авангард,Барыс,10,6,14,11,20,5,8,10,12,14,5,17,30.12.2018
ЦСКА,Торпедо,8,1,7,2,14,5,1,8,3,6,5,13,30.12.2018
Локомотив,Динамо Мн,9,12,8,6,14,9,13,9,7,8,10,14,30.12.2018
ХК Сочи,Спартак,6,6,6,19,11,12,6,5,20,6,12,11,30.12.2018
Ак Барс,Нефтехимик,7,8,9,11,11,11,8,7,11,9,11,10,30.12.2018
Трактор,Куньлунь РС,8,12,7,3,8,5,12,8,4,7,6,8,30.12.2018
Адмирал,СКА,6,10,1,14,6,14,10,4,14,1,16,6,29.12.2018
Динамо Р,Торпедо,11,7,15,5,17,5,7,11,6,15,6,15,28.12.2018
Слован,Нефтехимик,12,6,9,13,7,8,6,11,14,9,8,5,28.12.2018
Северсталь,Динамо Мск,8,5,10,13,9,5,5,6,16,10,7,8,28.12.2018
ХК Сочи,Йокерит,6,15,12,8,10,6,16,5,9,11,8,9,28.12.2018
ЦСКА,Ак Барс,13,3,17,4,11,11,3,11,5,16,12,10,28.12.2018
Локомотив,Спартак,5,7,4,12,5,6,7,4,13,4,6,3,28.12.2018
Автомобилист,Динамо Мн,16,5,8,2,6,5,6,15,2,8,5,5,28.12.2018
Салават Юлаев,Куньлунь РС,8,7,11,8,10,6,7,5,8,11,6,8,28.12.2018
Трактор,Барыс,6,10,8,12,6,9,10,6,14,8,10,6,28.12.2018
Сибирь,Авангард,6,3,5,5,8,15,3,6,5,4,15,6,28.12.2018
Адмирал,Витязь,10,7,12,14,8,7,9,8,14,12,7,6,27.12.2018
Амур,СКА,8,13,5,15,2,17,13,8,15,5,19,2,27.12.2018
Йокерит,Динамо Мск,9,2,15,7,16,6,3,9,8,13,7,15,26.12.2018
Северсталь,Спартак,13,7,9,10,9,12,7,12,10,8,14,7,26.12.2018
ХК Сочи,Ак Барс,17,7,13,8,14,8,7,16,9,12,8,13,26.12.2018
Слован,Торпедо,11,7,14,8,12,5,7,10,11,14,6,9,26.12.2018
Динамо Р,Нефтехимик,4,8,9,18,5,17,8,4,18,9,17,3,26.12.2018
Автомобилист,Авангард,9,9,9,12,8,9,9,7,13,9,10,7,26.12.2018
Салават Юлаев,Сибирь,11,5,11,8,10,5,5,11,10,11,5,9,26.12.2018
Трактор,Динамо Мн,9,13,8,8,6,10,13,9,9,7,10,5,26.12.2018
Куньлунь РС,СКА,9,14,7,8,9,14,14,9,10,5,17,8,25.12.2018
Амур,Витязь,7,5,13,6,10,15,6,7,6,13,15,8,25.12.2018
Авангард,Сибирь,8,5,12,5,14,3,5,8,5,10,4,13,24.12.2018
ХК Сочи,Торпедо,15,6,18,10,11,8,7,13,10,17,9,9,24.12.2018
ЦСКА,Нефтехимик,13,5,14,10,8,6,7,11,10,13,7,8,24.12.2018
Динамо Мн,Ак Барс,12,10,7,17,7,6,10,10,17,7,8,6,24.12.2018
Салават Юлаев,Локомотив,8,13,6,9,9,6,14,7,10,6,7,7,24.12.2018
Барыс,Адмирал,13,10,19,4,16,4,13,10,4,19,4,15,24.12.2018
Слован,Металлург Мг,4,13,10,12,16,7,15,4,13,9,8,16,23.12.2018
Автомобилист,Трактор,13,7,13,5,2,12,7,12,5,11,14,2,23.12.2018
Куньлунь РС,Витязь,19,10,10,14,11,9,10,18,15,10,11,11,23.12.2018
Авангард,Локомотив,12,4,12,6,14,12,5,12,7,11,12,12,22.12.2018
Йокерит,Динамо Р,4,9,12,12,15,8,11,4,13,11,9,15,22.12.2018
СКА,ЦСКА,10,3,9,16,7,8,3,10,17,9,9,7,22.12.2018
Спартак,ХК Сочи,11,7,13,7,8,9,8,9,7,11,11,7,21.12.2018
Салават Юлаев,Северсталь,12,8,12,7,10,6,8,12,11,10,6,10,21.12.2018
Сибирь,Адмирал,5,17,7,13,11,4,18,5,15,7,6,10,21.12.2018
Амур,Динамо Мск,14,4,15,8,21,6,4,12,10,15,7,16,20.12.2018
Ак Барс,Трактор,10,13,13,8,8,11,13,9,8,12,13,7,20.12.2018
Нефтехимик,Металлург Мг,7,7,15,8,8,11,8,7,8,15,11,6,20.12.2018
Торпедо,Автомобилист,6,13,5,11,6,10,14,4,11,4,10,5,20.12.2018
Авангард,Северсталь,8,5,13,5,11,3,6,6,6,13,3,11,20.12.2018
Витязь,ХК Сочи,6,4,5,8,7,14,4,6,9,5,14,6,20.12.2018
Динамо Мн,Слован,10,15,9,11,9,3,16,10,12,8,3,9,20.12.2018
Йокерит,ЦСКА,6,6,14,6,3,13,7,6,7,10,14,3,20.12.2018
СКА,Динамо Р,8,14,6,11,12,9,14,6,14,6,9,12,20.12.2018
Спартак,Салават Юлаев,11,16,9,12,6,12,16,9,13,8,14,6,19.12.2018
Барыс,Локомотив,13,8,12,10,8,12,10,13,10,11,12,8,19.12.2018
Сибирь,Амур,9,13,20,6,15,7,14,9,6,19,8,14,19.12.2018
Куньлунь РС,Динамо Мск,12,9,7,21,3,7,9,11,21,6,7,3,18.12.2018
Ак Барс,Металлург Мг,12,4,7,12,12,3,4,12,13,7,3,10,18.12.2018
Нефтехимик,Автомобилист,7,10,10,11,13,3,11,6,11,8,3,12,18.12.2018
Торпедо,Трактор,11,12,12,15,4,10,12,10,15,10,12,2,18.12.2018
Витязь,ЦСКА,8,7,6,12,5,3,7,6,12,5,3,3,18.12.2018
Динамо Мн,Динамо Р,6,13,7,18,3,23,14,4,18,6,24,2,18.12.2018
СКА,Слован,7,12,9,11,14,7,14,7,12,9,7,12,18.12.2018
ХК Сочи,Салават Юлаев,24,5,20,7,15,1,5,24,7,19,1,13,18.12.2018
Спартак,Йокерит,9,12,7,8,10,11,12,8,9,7,12,10,18.12.2018
Сибирь,Локомотив,5,9,10,10,11,7,10,5,11,8,7,11,17.12.2018
Куньлунь РС,Амур,7,7,10,5,10,11,8,6,5,9,11,9,17.12.2018
Барыс,Северсталь,15,5,10,2,12,1,6,15,2,10,1,12,17.12.2018
Адмирал,Динамо Мск,11,13,10,8,11,2,14,10,9,10,3,10,17.12.2018
Авангард,Йокерит,8,10,11,10,13,2,10,8,10,8,3,13,17.12.2018
Ак Барс,Автомобилист,14,12,9,5,13,9,14,13,6,7,10,13,12.12.2018
Нефтехимик,Трактор,11,8,13,5,6,6,9,11,7,12,7,6,12.12.2018
Торпедо,Металлург Мг,6,12,15,8,8,9,12,6,9,13,9,7,11.12.2018
Куньлунь РС,Амур,7,4,14,4,14,1,5,7,4,14,3,12,11.12.2018
Слован,Динамо Р,13,5,11,7,9,11,6,13,8,10,12,9,10.12.2018
Куньлунь РС,Барыс,4,9,10,6,11,2,10,4,6,10,2,11,10.12.2018
Динамо Мск,Северсталь,6,17,9,12,7,12,18,6,12,9,13,7,10.12.2018
Йокерит,Салават Юлаев,10,6,11,16,11,4,7,10,18,11,4,9,10.12.2018
Динамо Р,Ак Барс,8,15,4,10,11,9,16,6,11,3,9,10,10.12.2018
Динамо Мн,Витязь,8,10,11,5,12,9,10,8,6,9,9,10,10.12.2018
Динамо Мск,СКА,3,5,11,8,8,10,5,3,10,9,11,8,10.12.2018
ХК Сочи,Нефтехимик,6,10,5,11,6,16,11,5,11,5,16,5,10.12.2018
Торпедо,Локомотив,5,11,18,4,4,13,11,5,6,15,15,4,09.12.2018
Автомобилист,Спартак,11,6,11,10,9,11,6,11,10,10,11,7,09.12.2018
Металлург Мг,Авангард,9,5,13,10,12,7,7,9,10,10,8,10,09.12.2018
Амур,Барыс,15,7,12,5,10,15,8,15,5,11,16,10,08.12.2018
Северсталь,Йокерит,7,11,13,8,4,13,12,7,8,11,13,4,08.12.2018
ЦСКА,Салават Юлаев,11,11,11,5,5,12,12,9,5,10,13,5,08.12.2018
Автомобилист,Куньлунь РС,5,12,8,14,7,20,12,4,16,5,21,6,08.12.2018
Слован,Ак Барс,11,9,8,11,4,10,11,7,12,6,10,3,08.12.2018
Витязь,Динамо Мск,17,5,18,6,13,8,6,17,6,17,8,13,08.12.2018
ХК Сочи,Авангард,8,8,2,11,5,3,9,7,12,2,4,5,08.12.2018
Торпедо,Нефтехимик,7,5,8,10,7,4,7,7,11,6,5,7,07.12.2018
Металлург Мг,Спартак,16,6,11,6,9,11,7,16,8,11,11,9,07.12.2018
Сибирь,Трактор,15,8,6,11,12,10,8,14,11,6,11,12,07.12.2018
Адмирал,Барыс,11,11,13,8,12,7,11,10,9,12,10,10,07.12.2018
Динамо Р,Салават Юлаев,10,15,12,13,6,13,15,9,13,11,14,5,06.12.2018
Локомотив,Йокерит,12,8,10,11,9,14,9,10,13,9,17,9,06.12.2018
Северсталь,Куньлунь РС,10,6,17,4,2,10,6,7,5,15,10,2,06.12.2018
Автомобилист,Амур,6,8,11,7,5,9,8,6,8,8,10,5,06.12.2018
Витязь,Нефтехимик,11,10,12,14,10,1,11,10,14,12,1,8,06.12.2018
Динамо Мн,Торпедо,5,8,12,8,16,7,10,5,10,10,8,16,05.12.2018
СКА,Ак Барс,6,10,15,9,9,13,10,6,10,14,13,5,05.12.2018
ЦСКА,Авангард,8,9,12,11,8,8,10,8,12,9,9,7,05.12.2018
Барыс,Трактор,7,12,15,9,4,11,12,6,9,14,13,4,05.12.2018
Слован,Салават Юлаев,10,6,10,10,5,17,6,8,10,9,17,5,05.12.2018
Спартак,Йокерит,8,10,3,18,9,7,10,8,18,3,7,9,05.12.2018
Динамо Мск,Куньлунь РС,8,9,11,3,13,3,10,8,4,10,3,12,04.12.2018
ХК Сочи,Динамо Р,12,10,8,11,16,8,10,11,12,8,9,16,04.12.2018
Локомотив,Амур,14,5,14,13,11,6,5,14,13,11,6,8,04.12.2018
Сибирь,Металлург Мг,12,8,7,11,8,4,8,11,11,7,6,7,03.12.2018
Авангард,Трактор,15,7,13,10,4,12,7,15,10,12,12,4,03.12.2018
Динамо Мн,Нефтехимик,11,14,9,15,14,9,14,10,16,8,10,14,03.12.2018
СКА,Торпедо,7,16,12,9,3,9,18,7,9,12,10,2,03.12.2018
Спартак,Динамо Р,11,17,12,8,16,9,19,9,8,11,9,15,03.12.2018
Авангард,Салават Юлаев,6,11,10,2,10,7,12,5,2,10,7,10,03.12.2018
Динамо Мск,Амур,13,8,8,9,6,9,9,11,9,7,9,6,03.12.2018
ХК Сочи,ЦСКА,14,8,6,8,4,12,8,14,8,4,14,3,03.12.2018
Ак Барс,Северсталь,11,12,9,5,6,7,14,10,6,9,7,4,02.12.2018
Локомотив,Куньлунь РС,12,8,16,8,9,6,8,11,8,15,6,8,02.12.2018
Сибирь,Адмирал,9,8,7,8,10,4,8,9,9,6,5,10,01.12.2018
Барыс,Металлург Мг,14,3,16,8,20,4,4,14,9,15,5,19,01.12.2018
Витязь,Динамо Мн,6,6,5,17,8,3,7,4,20,5,3,7,01.12.2018
Йокерит,Слован,6,9,9,10,8,11,9,5,11,8,13,8,01.12.2018
Авангард,Металлург Мг,4,10,11,10,6,4,10,4,10,11,4,5,01.12.2018
Нефтехимик,Северсталь,9,8,13,11,11,12,8,9,12,12,12,11,01.12.2018
Спартак,ЦСКА,14,9,15,3,13,6,11,14,5,14,9,12,01.12.2018
Торпедо,Динамо Мск,6,9,12,9,8,7,10,6,10,12,7,6,30.11.2018
Трактор,Динамо Р,6,12,7,14,7,15,12,5,15,6,17,4,30.11.2018
Салават Юлаев,Адмирал,13,12,8,4,11,8,12,11,4,8,8,10,29.11.2018
Барыс,Автомобилист,14,6,3,12,8,6,6,13,12,3,6,6,29.11.2018
Витязь,Слован,7,7,13,8,11,12,9,7,9,13,13,11,29.11.2018
Ак Барс,Локомотив,7,7,9,14,7,5,8,7,14,8,5,6,29.11.2018
Авангард,Автомобилист,14,6,16,9,7,6,7,13,10,15,6,5,29.11.2018
Спартак,Северсталь,12,9,14,9,4,8,9,11,9,14,10,3,29.11.2018
Салават Юлаев,Металлург Мг,4,19,4,3,8,9,21,4,4,4,11,8,28.11.2018
Трактор,Адмирал,8,13,5,17,8,8,15,8,20,5,9,8,28.11.2018
Куньлунь РС,Сибирь,12,9,8,11,9,4,11,11,13,8,4,9,28.11.2018
Амур,ХК Сочи,12,12,14,6,10,5,12,12,6,12,5,9,28.11.2018
Динамо Р,ЦСКА,9,5,14,7,6,6,5,7,7,11,7,6,28.11.2018
Витязь,СКА,8,7,3,9,11,7,9,6,9,3,8,10,28.11.2018
Динамо Мн,Йокерит,7,4,11,10,16,6,7,6,12,11,6,12,28.11.2018
Динамо Мск,Слован,7,9,7,7,11,4,10,6,10,7,5,9,27.11.2018
Ак Барс,Торпедо,6,19,13,11,13,14,19,6,12,13,15,13,27.11.2018
Нефтехимик,Локомотив,8,7,8,9,8,10,8,7,9,7,11,6,27.11.2018
Куньлунь РС,Сибирь,9,10,4,10,9,9,11,9,10,3,11,9,26.11.2018
Северсталь,Барыс,15,3,10,17,11,12,3,14,17,9,12,11,26.11.2018
Салават Юлаев,Автомобилист,9,5,8,10,11,5,5,7,11,8,5,10,26.11.2018
Адмирал,ХК Сочи,10,6,6,12,8,9,6,9,12,5,10,7,26.11.2018
Динамо Р,СКА,14,9,9,10,5,15,10,13,11,6,17,4,26.11.2018
Динамо Мск,Йокерит,14,7,14,14,11,8,9,13,15,14,8,10,26.11.2018
ЦСКА,Витязь,8,9,14,16,4,12,9,8,18,13,14,4,25.11.2018
Ак Барс,Нефтехимик,12,10,15,6,13,8,10,11,9,14,8,10,25.11.2018
Металлург Мг,Торпедо,13,11,10,12,5,5,12,11,12,7,5,4,25.11.2018
Амур,Сибирь,11,14,11,4,11,13,14,10,4,10,13,10,25.11.2018
Слован,Авангард,9,9,11,17,7,15,9,9,18,10,16,7,24.11.2018
Локомотив,Барыс,3,8,13,9,10,8,9,3,9,12,8,8,24.11.2018
Салават Юлаев,Динамо Мн,10,12,12,8,4,11,12,10,10,9,13,4,24.11.2018
Куньлунь РС,ХК Сочи,7,15,9,16,6,8,15,6,19,7,8,6,24.11.2018
Северсталь,Динамо Мск,14,7,7,13,25,10,7,13,16,6,12,24,24.11.2018
ЦСКА,СКА,3,7,11,16,10,11,7,3,16,10,11,8,23.11.2018
Автомобилист,Ак Барс,11,9,8,14,4,16,9,10,14,7,19,4,23.11.2018
Металлург Мг,Нефтехимик,12,6,17,7,15,6,6,12,8,17,6,14,23.11.2018
Трактор,Торпедо,8,4,7,16,12,6,5,8,16,7,7,12,23.11.2018
Динамо Р,Авангард,10,7,12,6,7,4,8,9,6,9,4,6,23.11.2018
Слован,Витязь,8,6,6,12,10,7,6,8,12,5,7,9,22.11.2018
Йокерит,Барыс,12,7,6,8,7,7,8,12,12,5,8,7,22.11.2018
Куньлунь РС,Спартак,14,10,10,10,13,4,11,13,11,10,5,13,22.11.2018
Адмирал,Динамо Мн,15,12,9,13,13,8,14,14,13,8,9,13,22.11.2018
Локомотив,Динамо Мск,4,11,11,13,4,8,12,3,13,9,9,4,22.11.2018
Северсталь,СКА,10,6,12,12,10,5,7,10,13,12,5,9,21.11.2018
Автомобилист,Торпедо,6,11,10,13,7,9,11,5,14,6,12,5,21.11.2018
Металлург Мг,Ак Барс,11,9,16,6,9,6,9,10,6,16,6,8,21.11.2018
Трактор,Нефтехимик,16,8,10,8,6,8,8,14,8,9,9,5,21.11.2018
Динамо Р,Витязь,5,8,11,8,7,3,8,5,8,11,3,7,21.11.2018
Йокерит,Авангард,13,8,17,2,20,7,9,13,4,16,10,19,20.11.2018
ЦСКА,ХК Сочи,10,9,12,12,8,6,10,10,14,12,6,8,20.11.2018
Куньлунь РС,Динамо Мн,7,13,16,8,5,8,13,6,8,16,8,5,20.11.2018
Амур,Спартак,6,7,10,6,9,5,7,5,6,8,5,8,19.11.2018
Автомобилист,Нефтехимик,7,12,16,5,4,12,14,6,5,14,14,3,19.11.2018
Трактор,Ак Барс,12,16,3,16,6,10,17,11,16,3,13,5,19.11.2018
Сибирь,Салават Юлаев,4,9,13,8,5,13,10,4,9,12,15,4,19.11.2018
ЦСКА,Слован,4,11,15,10,16,7,12,3,11,15,8,14,19.11.2018
Северсталь,ХК Сочи,6,9,10,12,10,11,11,4,12,9,12,9,18.11.2018
Торпедо,Авангард,10,5,5,10,5,6,5,9,11,4,6,5,18.11.2018
Адмирал,Спартак,9,6,12,8,9,14,6,9,10,12,15,9,18.11.2018
Амур,Динамо Мн,17,14,15,13,9,10,15,16,14,12,12,7,18.11.2018
Йокерит,Локомотив,10,4,7,10,7,5,4,10,10,7,6,6,17.11.2018
СКА,Металлург Мг,7,11,9,1,8,5,12,6,2,9,5,8,17.11.2018
Барыс,Салават Юлаев,5,10,11,18,8,17,10,5,18,9,18,6,17.11.2018
Сибирь,Динамо Мск,9,15,6,11,7,8,15,9,13,5,10,7,16.11.2018
Ак Барс,Динамо Р,7,12,8,11,4,6,15,7,12,8,6,4,16.11.2018
Нефтехимик,ЦСКА,11,3,12,9,8,7,3,10,9,12,7,8,16.11.2018
Торпедо,Слован,12,7,6,11,13,9,7,11,11,6,9,12,16.11.2018
Витязь,Металлург Мг,2,8,13,4,10,11,9,2,6,13,11,9,16.11.2018
Динамо Мн,Автомобилист,10,7,20,7,16,9,7,9,7,18,10,16,16.11.2018
СКА,Трактор,8,11,11,11,12,9,11,7,12,11,10,11,16.11.2018
ХК Сочи,Северсталь,9,11,5,9,12,9,11,8,9,5,10,12,16.11.2018
Спартак,Локомотив,4,8,10,7,10,8,9,4,10,10,9,10,15.11.2018
Салават Юлаев,Адмирал,11,16,10,9,15,5,16,11,12,9,5,14,15.11.2018
Барыс,Динамо Мск,6,9,14,12,11,7,10,6,13,12,7,11,15.11.2018
Сибирь,Амур,10,7,13,6,12,8,8,10,8,13,9,12,14.11.2018
Ак Барс,ЦСКА,3,5,15,10,10,10,6,3,11,14,11,8,14.11.2018
Нефтехимик,Слован,5,8,5,6,9,8,8,5,6,5,10,9,14.11.2018
Торпедо,Динамо Р,12,5,12,6,5,7,5,11,6,10,7,4,14.11.2018
Авангард,Динамо Мск,9,5,11,4,15,6,6,9,4,8,7,10,14.11.2018
Витязь,Трактор,11,1,10,7,7,4,2,11,8,9,4,6,14.11.2018
Динамо Мн,Металлург Мг,10,10,6,5,9,6,11,10,7,5,6,7,14.11.2018
Йокерит,Северсталь,10,6,12,6,13,5,10,7,8,11,5,12,14.11.2018
СКА,Адмирал,11,7,15,14,9,4,8,10,14,14,7,9,14.11.2018
ХК Сочи,Локомотив,7,3,5,15,9,10,4,6,15,4,10,9,13.11.2018
Спартак,Автомобилист,11,11,16,8,15,4,11,11,10,16,6,12,13.11.2018
Барыс,Амур,4,10,8,5,9,4,11,4,5,8,6,9,13.11.2018
Сибирь,Куньлунь РС,7,6,14,4,9,11,6,6,4,13,11,8,12.11.2018
Ак Барс,Слован,7,10,6,20,5,7,11,6,22,5,8,5,12.11.2018
Нефтехимик,Динамо Р,6,9,12,7,3,13,10,4,7,11,13,3,12.11.2018
Торпедо,ЦСКА,8,13,17,7,6,13,13,7,7,14,15,5,12.11.2018
Авангард,Амур,9,8,17,6,8,9,11,8,6,15,10,7,12.11.2018
Витязь,Локомотив,13,6,14,4,14,8,7,13,4,14,8,13,12.11.2018
Динамо Мн,Трактор,8,10,22,7,5,14,11,8,7,21,14,5,12.11.2018
СКА,Автомобилист,11,6,16,8,14,4,7,10,9,16,4,14,06.11.2018
Спартак,Металлург Мг,10,10,7,4,5,8,11,10,6,7,9,5,06.11.2018
Северсталь,Адмирал,4,3,9,12,10,17,3,4,14,8,17,10,05.11.2018
Сибирь,Барыс,6,5,11,9,7,5,5,5,9,9,6,5,05.11.2018
ХК Сочи,Динамо Мн,10,7,7,8,3,19,9,8,9,6,19,2,05.11.2018
Северсталь,Йокерит,15,6,11,7,16,4,7,15,7,11,5,15,05.11.2018
Слован,Барыс,9,7,7,10,19,3,8,9,10,7,5,17,05.11.2018
Авангард,Куньлунь РС,17,10,11,16,5,11,11,16,16,9,13,5,05.11.2018
Витязь,Локомотив,10,7,7,7,7,8,8,9,7,5,8,7,05.11.2018
Динамо Мск,Спартак,16,4,11,8,9,3,4,14,8,10,3,7,04.11.2018
Нефтехимик,Салават Юлаев,9,11,14,3,8,5,12,9,4,11,5,7,04.11.2018
Торпедо,Ак Барс,7,7,9,8,5,15,7,6,8,7,15,5,04.11.2018
ЦСКА,СКА,11,10,9,9,18,5,11,9,11,9,6,18,04.11.2018
ЦСКА,Йокерит,5,4,6,9,7,12,4,5,11,6,13,7,03.11.2018
Автомобилист,Сибирь,19,5,11,2,6,5,5,17,2,10,6,6,03.11.2018
Металлург Мг,Амур,13,12,4,8,9,12,12,13,9,3,13,9,03.11.2018
Трактор,ХК Сочи,12,5,9,13,15,6,8,12,13,9,6,13,03.11.2018
Слован,Локомотив,4,10,14,10,7,8,11,4,11,12,8,7,03.11.2018
Авангард,Адмирал,6,9,7,13,11,2,10,4,13,7,2,10,03.11.2018
Витязь,Куньлунь РС,15,2,10,11,10,8,2,15,13,10,8,7,02.11.2018
Динамо Мн,Барыс,13,11,8,11,4,13,11,11,11,7,14,3,02.11.2018
Нефтехимик,Ак Барс,11,11,14,10,8,12,12,10,10,13,13,7,02.11.2018
Торпедо,Салават Юлаев,10,14,3,15,7,8,14,8,17,3,8,6,01.11.2018
СКА,Амур,7,7,12,7,10,8,7,5,9,11,9,9,01.11.2018
Автомобилист,ХК Сочи,6,6,12,6,6,18,6,6,6,10,19,4,01.11.2018
Металлург Мг,Йокерит,9,16,11,5,6,7,16,8,7,11,7,4,01.11.2018
Динамо Р,Локомотив,28,5,21,13,12,13,6,25,13,18,14,11,01.11.2018
Авангард,Адмирал,6,5,12,10,14,5,5,5,12,10,7,14,01.11.2018
Динамо Мн,Куньлунь РС,22,8,10,8,16,2,9,21,9,10,3,14,01.11.2018
Слован,Сибирь,13,14,5,13,11,8,14,11,14,4,8,10,31.10.2018
Торпедо,Северсталь,10,8,8,7,10,8,9,8,8,8,9,9,31.10.2018
Салават Юлаев,Спартак,7,13,18,12,4,14,14,6,12,16,14,4,31.10.2018
Барыс,Трактор,13,9,9,7,13,7,10,11,7,9,7,11,31.10.2018
Витязь,Амур,8,4,13,9,8,10,4,8,9,12,10,6,30.10.2018
Нефтехимик,Динамо Мск,11,7,15,2,14,7,8,10,2,15,7,10,30.10.2018
Автомобилист,Йокерит,10,4,9,5,9,1,5,10,5,7,2,7,30.10.2018
Металлург Мг,ХК Сочи,12,11,4,12,5,17,11,9,13,3,17,5,30.10.2018
Динамо Р,Северсталь,10,5,20,12,7,12,5,9,12,20,12,6,30.10.2018
СКА,Куньлунь РС,7,3,9,7,10,8,5,7,10,7,9,9,29.10.2018
ЦСКА,Сибирь,18,8,15,6,19,6,8,17,7,15,7,19,29.10.2018
Трактор,Спартак,8,11,6,12,6,17,11,8,14,4,17,6,29.10.2018
Барыс,Адмирал,11,8,12,9,7,11,9,11,11,12,15,7,28.10.2018
Динамо Мн,Амур,9,10,9,9,13,8,10,9,9,9,11,12,28.10.2018
Локомотив,ХК Сочи,11,6,12,10,12,6,6,10,10,12,8,10,28.10.2018
Салават Юлаев,Динамо Мск,11,3,13,16,7,11,3,10,17,13,11,7,28.10.2018
Слован,СКА,7,10,10,10,10,7,10,7,11,9,7,9,28.10.2018
Авангард,Торпедо,14,10,7,10,15,6,10,12,12,5,6,14,28.10.2018
Йокерит,Северсталь,4,10,7,12,6,13,10,3,14,7,16,6,28.10.2018
Автомобилист,Спартак,21,2,6,3,4,13,2,19,3,5,14,3,27.10.2018
Салават Юлаев,Витязь,9,8,15,11,11,13,9,8,11,14,13,11,27.10.2018
Барыс,Сибирь,10,12,5,20,7,12,12,10,21,4,13,7,26.10.2018
Адмирал,Ак Барс,16,9,8,13,8,8,13,16,16,8,10,8,26.10.2018
Нефтехимик,Трактор,10,8,17,5,5,10,11,9,5,15,10,5,26.10.2018
Металлург Мг,Динамо Мск,20,10,12,6,6,17,11,19,6,10,17,6,26.10.2018
Динамо Р,СКА,6,8,7,7,10,7,8,6,8,7,7,9,26.10.2018
Слован,ЦСКА,10,7,4,14,10,7,7,9,16,4,9,9,26.10.2018
Йокерит,Спартак,8,9,14,3,11,6,9,8,3,14,6,11,25.10.2018
Барыс,Витязь,9,9,14,9,9,7,11,9,11,13,8,9,25.10.2018
Куньлунь РС,Торпедо,13,15,2,14,2,14,15,10,15,2,16,0,25.10.2018
Амур,Ак Барс,8,6,10,6,6,4,7,8,6,7,6,6,24.10.2018
Локомотив,Трактор,3,15,11,9,7,11,16,3,9,10,11,6,24.10.2018
ХК Сочи,Динамо Мск,15,3,19,6,7,20,4,15,7,16,20,6,24.10.2018
Автомобилист,Металлург Мг,6,11,19,5,1,13,11,6,5,16,13,1,24.10.2018
Авангард,Динамо Мн,15,12,13,10,6,14,12,15,10,10,16,6,24.10.2018
Салават Юлаев,СКА,2,13,9,6,10,22,14,1,7,9,23,6,24.10.2018
Сибирь,Витязь,9,11,7,9,8,11,11,8,9,5,13,8,23.10.2018
Куньлунь РС,Ак Барс,5,3,10,6,11,10,3,5,6,8,10,9,23.10.2018
Адмирал,Торпедо,12,7,5,5,8,11,8,10,5,5,12,6,22.10.2018
Амур,Нефтехимик,8,9,13,8,13,11,10,7,9,13,11,10,22.10.2018
Локомотив,Металлург Мг,10,4,8,3,9,6,5,9,4,6,7,5,22.10.2018
Северсталь,Трактор,9,11,6,13,6,16,11,9,13,6,16,6,22.10.2018
ХК Сочи,Слован,18,3,20,8,9,13,3,18,8,18,14,8,22.10.2018
Спартак,Динамо Мск,12,15,15,12,7,12,15,12,12,15,13,7,22.10.2018
Йокерит,Динамо Р,3,23,4,17,8,17,23,2,17,4,18,5,22.10.2018
Салават Юлаев,Авангард,14,4,14,15,6,9,5,13,16,12,10,6,22.10.2018
Барыс,Динамо Мн,15,9,10,12,6,9,10,14,12,10,9,6,21.10.2018
Сибирь,Ак Барс,7,14,11,2,1,14,14,7,3,10,14,1,21.10.2018
Адмирал,Нефтехимик,5,10,14,5,7,2,11,5,5,13,2,7,21.10.2018
Амур,Торпедо,5,4,8,5,9,7,5,5,6,7,7,9,20.10.2018
Локомотив,Автомобилист,7,6,14,9,9,11,6,6,10,13,11,7,20.10.2018
Северсталь,Металлург Мг,4,14,5,14,1,16,14,4,14,4,17,1,20.10.2018
СКА,ЦСКА,17,7,12,13,9,12,7,14,13,9,12,9,20.10.2018
Витязь,Динамо Р,9,13,12,13,8,7,13,8,15,11,9,8,20.10.2018
Спартак,Слован,5,11,8,8,5,9,11,5,9,8,9,4,19.10.2018
Трактор,Авангард,2,16,8,8,13,10,17,2,9,8,11,12,19.10.2018
Сибирь,Динамо Мн,6,8,5,9,6,11,9,5,9,3,11,6,18.10.2018
Куньлунь РС,Нефтехимик,11,12,8,13,9,16,12,9,13,7,17,9,18.10.2018
ХК Сочи,ЦСКА,14,9,16,7,9,12,10,13,7,14,13,9,18.10.2018
Северсталь,Автомобилист,6,10,8,10,6,12,10,6,10,6,13,6,18.10.2018
Ак Барс,Салават Юлаев,5,8,10,5,10,5,10,5,5,9,6,9,18.10.2018
Витязь,Нефтехимик,6,5,10,5,14,11,5,6,5,6,11,14,18.10.2018
СКА,Динамо Мск,6,3,15,14,13,17,4,5,15,13,19,12,18.10.2018
Слован,Амур,9,9,10,11,7,23,9,9,11,9,24,4,18.10.2018
Спартак,Динамо Р,6,12,8,13,5,12,12,5,15,5,14,5,18.10.2018
Локомотив,Адмирал,12,7,10,7,11,16,8,12,7,9,18,10,16.10.2018
Торпедо,Йокерит,12,5,10,13,4,13,5,11,13,7,14,4,16.10.2018
Металлург Мг,Авангард,7,5,11,10,3,9,5,7,11,10,11,3,16.10.2018
Трактор,Барыс,12,10,10,10,8,6,12,11,11,9,6,6,16.10.2018
Ак Барс,Йокерит,6,6,13,6,18,3,8,6,7,12,4,16,16.10.2018
Витязь,Северсталь,10,10,15,5,9,6,11,10,5,15,6,9,16.10.2018
Динамо Мн,Динамо Мск,12,7,8,10,14,5,8,12,11,8,5,13,16.10.2018
Слован,Адмирал,10,10,19,10,18,7,11,9,10,19,7,18,16.10.2018
ЦСКА,Куньлунь РС,17,5,6,10,4,12,5,17,10,5,13,4,16.10.2018
Динамо Р,Амур,14,7,11,1,17,3,8,13,1,11,4,16,15.10.2018
Автомобилист,Барыс,12,8,9,10,11,10,10,11,11,8,11,11,15.10.2018
Металлург Мг,Салават Юлаев,12,8,14,2,14,8,8,12,3,12,10,13,14.10.2018
Трактор,Сибирь,16,2,9,13,10,7,3,15,14,8,8,7,14.10.2018
СКА,Спартак,10,11,11,9,2,9,11,10,10,11,11,2,14.10.2018
Нефтехимик,ХК Сочи,6,6,11,9,8,9,6,5,10,11,9,8,14.10.2018
Слован,Куньлунь РС,12,10,16,7,9,15,10,12,7,16,15,7,14.10.2018
Авангард,Барыс,9,4,7,6,11,8,4,8,6,4,8,10,14.10.2018
Динамо Мск,Локомотив,7,12,9,6,12,15,12,6,6,9,15,12,14.10.2018
Динамо Мн,Северсталь,8,6,13,16,15,9,6,8,16,13,11,15,14.10.2018
Динамо Р,Адмирал,11,6,12,7,7,6,6,9,8,10,6,6,13.10.2018
ЦСКА,Амур,12,6,5,6,4,8,6,11,7,5,8,4,13.10.2018
Автомобилист,Салават Юлаев,20,8,9,7,8,5,10,19,7,9,6,8,13.10.2018
Металлург Мг,Сибирь,7,9,5,10,7,12,9,6,12,5,15,6,12.10.2018
Ак Барс,ХК Сочи,20,8,9,7,8,5,10,19,7,9,6,8,13.10.2018
Нефтехимик,Йокерит,7,9,5,10,7,12,9,6,12,5,15,6,12.10.2018
Торпедо,Спартак,5,6,15,7,10,7,7,5,8,15,8,9,12.10.2018
Динамо Мн,Локомотив,11,8,15,14,13,10,8,11,14,13,10,13,12.10.2018
Динамо Р,Куньлунь РС,7,3,15,6,10,5,3,7,7,15,5,9,12.10.2018
СКА,Северсталь,6,15,13,3,7,8,15,6,3,11,9,5,12.10.2018
ЦСКА,Адмирал,17,8,10,7,15,7,9,15,7,10,8,15,11.10.2018
Автомобилист,Сибирь,10,8,13,8,6,6,8,10,8,12,6,6,11.10.2018
Авангард,Слован,9,12,10,12,8,12,12,8,14,10,12,7,11.10.2018
Ак Барс,Спартак,11,7,7,12,5,10,7,11,12,5,10,2,11.10.2018
Торпедо,ХК Сочи,11,11,12,5,14,7,11,11,5,12,7,14,10.10.2018
Салават Юлаев,Трактор,6,4,11,4,11,11,4,5,5,10,11,8,10.10.2018
СКА,Локомотив,8,4,15,5,7,9,4,8,6,14,9,4,10.10.2018
ЦСКА,Динамо Мск,6,4,11,4,11,11,4,5,5,10,11,8,10.10.2018
Йокерит,Витязь,8,4,15,5,7,9,4,8,6,14,9,4,10.10.2018
Металлург Мг,Автомобилист,13,8,7,10,9,5,9,13,12,7,6,8,10.10.2018
Нефтехимик,Спартак,17,6,9,9,9,8,7,17,9,7,8,7,09.10.2018
Салават Юлаев,Авангард,5,15,0,26,6,21,15,2,28,0,21,6,09.10.2018
Барыс,Динамо Р,10,7,10,5,8,16,7,9,5,9,17,7,09.10.2018
Сибирь,Слован,8,12,8,12,7,14,13,8,12,8,14,6,09.10.2018
Адмирал,Куньлунь РС,5,5,12,13,12,3,6,5,14,11,4,11,09.10.2018
Амур,Трактор,8,4,8,7,6,12,5,7,7,7,12,5,09.10.2018
Динамо Мск,Торпедо,8,10,15,6,14,8,10,7,8,14,9,13,08.10.2018
ХК Сочи,Витязь,18,5,15,9,14,2,6,18,10,13,2,14,08.10.2018
Северсталь,Ак Барс,5,10,14,6,14,10,12,5,6,14,10,14,08.10.2018
Йокерит,Динамо Мн,14,9,16,7,14,11,11,11,7,15,12,13,08.10.2018
Авангард,ЦСКА,3,11,10,5,9,6,11,2,6,9,9,9,07.10.2018
Барыс,Слован,7,11,10,7,11,4,11,6,7,8,4,11,07.10.2018
Сибирь,Динамо Р,3,6,17,7,7,11,6,2,7,13,14,6,07.10.2018
Куньлунь РС,Автомобилист,12,6,10,9,8,11,6,11,11,9,14,8,07.10.2018
Адмирал,Трактор,9,6,7,6,11,7,7,8,9,6,10,11,07.10.2018
Амур,Металлург Мг,11,6,8,11,5,8,7,9,12,8,10,4,07.10.2018
Динамо Мск,Нефтехимик,4,6,11,15,11,8,6,3,15,10,8,10,06.10.2018
Локомотив,Ак Барс,12,10,19,9,3,9,11,12,9,19,9,1,06.10.2018
Северсталь,Торпедо,13,8,8,10,7,12,8,12,11,8,12,6,06.10.2018
Спартак,Витязь,7,7,3,9,12,8,7,7,10,3,9,10,06.10.2018
Йокерит,СКА,8,8,5,12,7,8,10,8,15,4,9,6,06.10.2018
ХК Сочи,Динамо Мн,7,4,6,12,18,10,5,6,14,6,10,16,06.10.2018
Авангард,Динамо Р,13,7,12,6,8,6,7,11,6,10,8,7,05.10.2018
Салават Юлаев,Слован,10,10,12,9,11,6,11,8,9,11,6,10,05.10.2018
Сибирь,ЦСКА,6,13,7,7,6,6,14,6,7,7,7,6,05.10.2018
Адмирал,Металлург Мг,10,7,13,13,9,11,8,8,14,12,13,9,05.10.2018
Амур,Автомобилист,6,8,9,11,10,9,9,6,12,8,12,9,05.10.2018
Куньлунь РС,Трактор,7,8,13,8,6,9,8,7,8,12,9,5,05.10.2018
Динамо Мск,Ак Барс,11,5,11,6,5,3,5,11,7,10,4,5,04.10.2018
ХК Сочи,СКА,4,7,5,8,8,3,8,3,10,5,3,8,04.10.2018
Спартак,Динамо Мн,14,6,11,10,16,7,7,13,11,10,8,15,04.10.2018
Локомотив,Торпедо,15,5,12,13,6,7,6,15,14,10,8,5,04.10.2018
Северсталь,Нефтехимик,10,17,3,18,11,9,18,10,19,3,10,8,04.10.2018
Барыс,ЦСКА,8,8,5,9,4,7,8,8,10,5,8,2,03.10.2018
Адмирал,Автомобилист,7,14,8,6,8,7,16,5,8,7,8,8,03.10.2018
Куньлунь РС,Металлург Мг,6,9,7,14,11,5,9,6,15,7,7,10,03.10.2018
Витязь,Авангард,5,12,5,13,7,15,12,5,16,5,18,7,02.10.2018
Спартак,СКА,7,10,12,11,9,8,12,7,12,12,11,9,02.10.2018
Локомотив,Нефтехимик,8,10,14,12,12,5,11,7,14,13,6,12,02.10.2018
Йокерит,ХК Сочи,13,10,8,4,9,12,11,12,4,5,13,9,01.10.2018
Салават Юлаев,ЦСКА,7,8,8,10,10,4,10,7,10,8,4,9,01.10.2018
Трактор,Динамо Мск,4,7,10,9,5,14,7,4,9,10,14,4,01.10.2018
Ак Барс,Адмирал,13,15,11,10,15,8,16,13,10,10,9,12,30.09.2018
Витязь,Сибирь,10,10,7,10,10,6,11,9,12,6,7,9,30.09.2018
Динамо Мн,Авангард,4,10,2,10,7,15,11,4,11,2,15,6,30.09.2018
Торпедо,Амур,9,9,9,8,12,5,11,8,9,9,5,9,30.09.2018
Слован,ХК Сочи,14,10,10,8,10,9,12,14,8,9,11,10,29.09.2018
Динамо Р,Барыс,8,8,12,3,12,4,13,8,3,10,6,11,29.09.2018
Металлург Мг,Локомотив,6,11,10,10,7,11,12,5,10,8,12,7,29.09.2018
Трактор,Северсталь,9,9,10,10,9,10,10,8,10,10,10,8,29.09.2018
Автомобилист,Динамо Мск,9,11,14,3,8,9,11,9,3,14,9,7,29.09.2018
Витязь,Салават Юлаев,8,11,6,9,11,11,12,8,10,4,11,10,28.09.2018
Динамо Мн,Сибирь,11,7,9,11,10,4,7,9,11,8,5,8,28.09.2018
СКА,Авангард,14,5,15,7,9,4,5,13,8,15,5,8,28.09.2018
Ак Барс,Амур,6,4,10,5,11,6,4,6,6,10,6,8,28.09.2018
Нефтехимик,Адмирал,9,3,9,9,11,11,3,8,10,9,11,11,28.09.2018
Торпедо,Куньлунь РС,6,10,9,13,12,12,10,6,14,8,13,11,28.09.2018
Динамо Р,ХК Сочи,6,6,3,8,7,12,8,6,8,3,14,6,27.09.2018
Слован,Йокерит,7,5,10,8,7,6,6,5,9,9,9,7,27.09.2018
ЦСКА,Спартак,6,6,5,5,15,6,6,5,5,4,7,15,27.09.2018
Автомобилист,Северсталь,11,13,11,6,8,7,13,11,6,9,7,6,27.09.2018
Металлург Мг,Динамо Мск,12,8,11,10,5,14,10,9,12,10,15,4,27.09.2018
Трактор,Локомотив,7,9,10,10,7,3,10,6,11,10,3,7,27.09.2018
Витязь,Барыс,9,4,7,9,15,4,5,8,11,7,4,13,26.09.2018
Динамо Мн,Салават Юлаев,10,6,4,3,7,5,6,10,6,4,5,6,26.09.2018
СКА,Сибирь,14,5,15,4,10,4,5,13,4,14,4,7,26.09.2018
Ак Барс,Куньлунь РС,8,10,20,4,12,2,11,8,6,17,3,12,26.09.2018
Нефтехимик,Амур,14,6,10,8,4,10,6,13,8,9,11,4,26.09.2018
Торпедо,Адмирал,13,8,5,14,18,6,8,12,15,5,6,14,26.09.2018
Динамо Р,Йокерит,7,14,11,9,6,19,14,7,9,10,20,6,25.09.2018
Слован,Спартак,11,6,9,13,5,11,7,11,14,8,13,5,25.09.2018
ЦСКА,ХК Сочи,7,1,12,8,6,5,1,6,9,12,5,6,25.09.2018
Автомобилист,Локомотив,12,14,9,14,10,1,16,11,16,9,1,7,25.09.2018
Металлург Мг,Северсталь,10,11,18,7,5,8,12,9,7,17,8,5,25.09.2018
Авангард,Амур,19,5,22,7,13,4,7,18,8,21,4,12,24.09.2018
Ак Барс,Сибирь,10,5,13,7,11,3,6,9,8,12,3,10,24.09.2018
Динамо Мск,Барыс,11,7,10,7,7,6,7,11,8,9,7,6,24.09.2018
Нефтехимик,Куньлунь РС,17,2,10,9,13,9,3,17,9,10,10,13,24.09.2018
Трактор,Салават Юлаев,8,6,12,4,13,10,7,8,5,12,13,13,24.09.2018
Динамо Р,Спартак,5,8,8,6,14,5,11,5,6,8,5,13,23.09.2018
Авангард,Куньлунь РС,10,3,7,8,10,6,4,9,8,6,7,8,22.09.2018
Динамо Мск,Динамо Мн,14,10,7,8,10,7,10,13,9,5,8,8,22.09.2018
Локомотив,СКА,11,10,5,14,10,7,10,11,16,5,7,10,22.09.2018
Северсталь,Витязь,14,11,9,12,10,9,11,12,13,9,9,10,22.09.2018
Салават Юлаев,Барыс,8,4,13,7,4,17,5,6,7,8,19,4,22.09.2018
ХК Сочи,Трактор,11,14,6,4,7,7,15,10,5,5,8,6,21.09.2018
Нефтехимик,Ак Барс,15,6,8,14,15,7,6,14,16,8,7,15,21.09.2018
Торпедо,Металлург Мг,12,7,13,3,10,17,8,11,4,11,17,10,21.09.2018
Йокерит,Автомобилист,13,6,8,2,8,9,6,13,2,8,12,8,21.09.2018
Адмирал,Слован,8,19,14,11,11,4,20,6,14,13,5,10,21.09.2018
Амур,ЦСКА,8,9,2,12,9,17,10,8,14,2,18,9,21.09.2018
Динамо Мск,СКА,6,11,5,7,10,9,14,6,7,5,10,10,20.09.2018
Локомотив,Витязь,11,8,10,8,8,17,10,10,8,8,18,7,20.09.2018
Северсталь,Динамо Мн,13,5,8,7,11,0,5,13,10,8,1,10,20.09.2018
Сибирь,Авангард,7,7,5,6,11,9,8,7,8,4,9,11,20.09.2018
ХК Сочи,Автомобилист,4,6,14,8,5,4,6,4,9,13,8,5,19.09.2018
Спартак,Трактор,11,5,18,3,11,7,5,9,3,15,8,10,19.09.2018
Йокерит,Металлург Мг,8,11,10,16,5,11,12,7,17,7,12,4,19.09.2018
Куньлунь РС,ЦСКА,5,3,5,5,9,11,5,5,6,5,11,9,19.09.2018
Адмирал,Динамо Р,4,12,11,4,5,6,13,3,5,10,6,5,19.09.2018
Амур,Слован,9,3,13,11,8,16,4,8,11,12,17,7,19.09.2018
Динамо Мск,Витязь,9,5,12,10,7,8,6,8,10,9,9,7,18.09.2018
Локомотив,Динамо Мн,16,4,15,7,14,3,4,15,9,15,3,14,18.09.2018
Северсталь,СКА,5,5,5,15,10,3,7,5,18,5,3,10,18.09.2018
Торпедо,Ак Барс,17,13,8,9,16,8,15,16,9,8,10,15,18.09.2018
Салават Юлаев,Сибирь,15,9,10,15,11,9,9,14,16,9,9,10,18.09.2018
Барыс,Авангард,3,13,12,3,8,10,16,3,3,10,10,7,18.09.2018
ХК Сочи,Металлург Мг,10,5,9,16,7,14,5,10,16,8,16,7,17.09.2018
Спартак,Автомобилист,11,5,12,9,17,8,6,10,11,11,9,17,17.09.2018
Йокерит,Трактор,5,6,17,7,12,5,6,5,7,12,5,9,17.09.2018
Куньлунь РС,Слован,14,11,15,7,15,6,12,14,8,14,7,13,17.09.2018
Адмирал,ЦСКА,9,10,14,9,8,13,12,8,9,12,14,8,17.09.2018
Амур,Динамо Р,8,11,12,5,4,16,12,7,5,11,16,4,17.09.2018
Салават Юлаев,Нефтехимик,7,12,7,6,3,7,12,7,8,6,8,3,16.09.2018
Барыс,Ак Барс,11,12,11,11,6,7,13,10,13,10,7,5,16.09.2018
Сибирь,Торпедо,8,7,10,6,7,6,8,7,7,10,7,6,16.09.2018
Куньлунь РС,Динамо Р,12,15,13,6,11,7,18,12,7,11,7,11,16.09.2018
Витязь,Слован,8,9,13,5,7,10,9,6,6,11,13,5,15.09.2018
Локомотив,Северсталь,21,8,16,10,8,7,8,20,11,15,7,6,15.09.2018
Металлург Мг,Трактор,9,4,9,9,11,4,6,7,12,7,5,10,15.09.2018
Витязь,Йокерит,16,11,12,13,8,7,13,16,15,12,7,7,14.09.2018
Динамо Мн,ХК Сочи,2,6,11,10,4,8,7,2,10,10,10,4,14.09.2018
СКА,Спартак,8,7,12,5,7,6,8,8,5,10,6,7,14.09.2018
Салават Юлаев,Ак Барс,9,10,9,8,8,15,10,7,9,7,18,8,14.09.2018
Барыс,Торпедо,10,7,8,9,11,7,8,10,9,7,7,8,14.09.2018
Сибирь,Нефтехимик,8,6,7,19,9,12,6,7,20,7,15,7,14.09.2018
Амур,Адмирал,11,7,10,10,16,5,8,11,10,10,6,16,14.09.2018
Авангард,Металлург Мг,10,7,2,13,14,7,7,10,14,2,7,14,13.09.2018
Слован,Динамо Мск,10,10,9,5,8,12,10,10,5,8,14,6,13.09.2018
ЦСКА,Северсталь,5,11,14,6,8,6,12,5,7,13,6,8,13.09.2018
Трактор,Автомобилист,9,6,9,13,10,9,8,8,14,9,10,10,13.09.2018
Авангард,Ак Барс,14,5,10,5,19,7,6,13,5,10,7,19,12.09.2018
Витязь,ХК Сочи,5,5,8,15,9,17,5,4,16,8,17,7,12.09.2018
Динамо Мн,Спартак,5,5,5,8,8,8,5,4,9,5,8,6,12.09.2018
СКА,Йокерит,10,7,6,13,8,8,8,9,14,4,9,8,12.09.2018
Салават Юлаев,Торпедо,13,11,14,10,6,14,11,13,10,11,17,5,12.09.2018
Барыс,Нефтехимик,6,11,8,18,16,6,12,4,19,6,8,16,12.09.2018
Амур,Адмирал,14,13,18,11,5,5,14,12,11,17,5,5,12.09.2018
Динамо Р,Динамо Мск,10,6,14,8,7,10,7,9,8,12,11,6,11.09.2018
Слован,Северсталь,7,9,9,8,4,11,9,7,8,7,12,4,11.09.2018
ЦСКА,Локомотив,20,6,7,13,11,7,7,20,15,7,7,10,11.09.2018
Трактор,Металлург Мг,6,13,11,11,6,7,13,6,12,11,7,5,11.09.2018
Сибирь,Автомобилист,6,7,9,11,9,5,9,6,11,9,7,8,11.09.2018
Витязь,Спартак,8,12,15,7,12,7,13,8,8,14,8,11,10.09.2018
Динамо Мн,Йокерит,5,7,13,6,10,7,8,5,7,13,9,9,10.09.2018
СКА,ХК Сочи,10,5,16,7,8,9,5,9,7,14,10,8,10.09.2018
Авангард,Нефтехимик,12,5,9,7,13,5,5,12,9,7,5,11,10.09.2018
Слован,Локомотив,10,9,6,21,4,11,10,10,21,5,14,4,09.09.2018
Торпедо,Барыс,5,6,12,12,17,2,8,5,13,10,4,14,09.09.2018
Динамо Р,Северсталь,8,7,10,16,11,7,7,8,18,9,7,10,09.09.2018
Автомобилист,Адмирал,12,7,13,5,13,3,8,12,5,13,3,11,09.09.2018
Металлург Мг,Куньлунь РС,18,8,10,6,12,9,8,15,7,10,9,12,09.09.2018
Динамо Мск,ЦСКА,7,8,3,14,4,3,11,7,14,3,3,3,08.09.2018
Динамо Р,Сибирь,12,3,6,9,11,8,3,10,9,6,8,10,08.09.2018
СКА,Салават Юлаев,12,4,11,7,15,4,4,11,8,11,7,15,08.09.2018
ХК Сочи,Амур,3,14,18,17,8,9,14,2,17,15,10,8,07.09.2018
Спартак,Куньлунь РС,8,4,7,7,10,8,4,8,7,7,10,9,07.09.2018
Ак Барс,Барыс,8,8,9,7,6,13,9,8,7,6,15,5,07.09.2018
Нефтехимик,Динамо Мн,8,7,10,12,12,10,7,7,12,9,11,12,07.09.2018
Торпедо,Витязь,8,11,15,12,10,11,12,8,12,13,11,8,07.09.2018
Йокерит,Адмирал,8,9,12,13,2,12,10,6,13,10,12,2,07.09.2018
Динамо Мск,Сибирь,9,4,14,9,16,7,6,8,10,10,7,15,06.09.2018
Локомотив,Салават Юлаев,15,14,21,4,4,7,16,14,4,19,7,3,06.09.2018
Северсталь,Авангард,8,9,11,8,6,2,12,7,9,11,2,6,06.09.2018
Автомобилист,Слован,5,4,16,12,6,17,5,4,12,15,18,6,06.09.2018
Металлург Мг,ЦСКА,8,7,15,9,12,14,7,7,10,15,15,12,06.09.2018
ХК Сочи,Куньлунь РС,6,6,18,12,6,3,6,6,12,18,4,5,05.09.2018
Спартак,Адмирал,3,11,15,14,7,5,11,3,15,13,5,6,05.09.2018
Ак Барс,Витязь,5,8,8,7,12,4,10,3,8,7,6,12,05.09.2018
Нефтехимик,Барыс,14,8,11,8,11,6,8,14,10,11,10,10,05.09.2018
Торпедо,Динамо Мн,19,14,11,13,6,12,15,19,14,9,12,5,05.09.2018
Йокерит,Амур,4,6,8,9,7,15,7,4,9,6,15,6,05.09.2018
Динамо Мск,Авангард,3,19,9,9,11,3,21,3,10,9,5,10,04.09.2018
Северсталь,Салават Юлаев,11,6,13,6,7,9,9,10,6,11,10,6,04.09.2018
Локомотив,Сибирь,16,3,14,9,10,5,3,15,9,11,5,9,04.09.2018
Автомобилист,ЦСКА,5,7,8,13,10,10,7,5,14,8,10,7,04.09.2018
Металлург Мг,Динамо Р,10,7,6,11,18,7,8,10,11,6,8,17,04.09.2018
Трактор,Слован,6,11,14,11,8,10,11,5,11,13,10,7,04.09.2018
ХК Сочи,Адмирал,11,7,14,10,13,9,10,10,10,13,10,11,03.09.2018
Ак Барс,Динамо Мн,6,8,16,4,6,13,8,5,4,15,13,6,03.09.2018
Нефтехимик,Витязь,8,5,8,5,14,12,5,8,5,8,13,14,03.09.2018
Торпедо,СКА,9,13,11,12,11,7,15,9,13,9,7,9,03.09.2018
Йокерит,Куньлунь РС,12,7,16,8,9,11,8,11,8,13,13,7,03.09.2018
Локомотив,Авангард,6,6,10,8,11,10,6,6,11,10,11,11,02.09.2018
Динамо Мск,Салават Юлаев,9,7,5,14,5,9,7,9,14,3,11,5,02.09.2018
Северсталь,Сибирь,13,5,14,9,3,10,7,12,9,13,10,2,02.09.2018
Спартак,Амур,9,8,12,12,8,8,9,7,14,10,8,6,02.09.2018
Автомобилист,Динамо Р,12,5,7,10,13,6,5,12,12,5,6,11,02.09.2018
Металлург Мг,Слован,7,10,8,12,10,11,10,4,12,7,12,9,02.09.2018
Трактор,ЦСКА,8,6,4,12,4,7,7,8,13,4,8,4,02.09.2018
Ак Барс,СКА,4,4,3,7,6,4,5,4,9,2,7,6,01.09.2018
